Paul Python;42;178.5
Paul Python;42;178.5
Paul Python;42;178.5
Paul Python;42;178.5
Paul Python;42;178.5
Paul Python;42;178.5
Paul Python;42;178.5
Paul Python;42;178.5
Paul Python;42;178.5
Paul Python;42;178.5
Paul Python;42;178.5
Paul Python;42;178.5
Paul Python;42;178.5
Paul Python;42;178.5
Paul Python;42;178.5
Paul Python;42;178.5
Paul Python;42;178.5
Paul Python;42;178.5
Paul Python;42;178.5
Paul Python;42;178.5
Paul Python;42;178.5
Paul Python;42;178.5
Paul Python;42;178.5
Paul Python;42;178.5
Paul Python;42;178.5
Paul Python;42;178.5
Paul Python;42;178.5
Paul Python;42;178.5
Paul Python;42;178.5
Paul Python;42;178.5
Paul Python;42;178.5
Paul Python;42;178.5
Paul Python;42;178.5
Paul Python;42;178.5
Paul Python;42;178.5
Paul Python;42;178.5
Paul Python;42;178.5
Paul Python;42;178.5
Paul Python;42;178.5
Paul Python;42;178.5
Paul Python;42;178.5
Paul Python;42;178.5
Paul Python;42;178.5
Paul Python;42;178.5
Paul Python;42;178.5
